{"core_metric":0.175956072372648,"train/loss":2.5021666863318295,"train/grad_norm":0.1292111575603485,"train/tok_per_sec":223439,"train/dt":2.346437931060791,"_timestamp":1.770487509266868e+09,"centered_results":{"bigbench_operators":0.10476190596818924,"copa":0.31999993324279785,"commonsense_qa":0.032500013709068284,"squad":0.14000000059604645,"winograd":0.216117262840271,"lambada_openai":0.328000009059906,"coqa":0.12000000476837158,"bigbench_dyck_languages":0.07000000029802322,"hellaswag":0.21600004037221274,"winogrande":0.020000100135803223,"arc_challenge":0.10400001207987468,"agi_eval_lsat_ar":0.027173891663551317,"bigbench_cs_algorithms":0.40800002217292786,"hellaswag_zeroshot":0.22666668891906738,"jeopardy":0.07800000160932541,"bigbench_qa_wikidata":0.46400001645088196,"piqa":0.3520001173019409,"openbook_qa":0.1306666930516561,"arc_easy":0.4693334102630615,"bigbench_repeat_copy_logic":0,"boolq":-0.14210514645827443,"bigbench_language_identification":0.18591861415355249},"total_training_time":51982.85633349419,"train/mfu":78.8875924678061,"_runtime":50965,"val/bpb":0.8996468615734113,"step":21400,"_wandb":{"runtime":50965},"_step":297,"total_training_flops":3.917669880928666e+19,"train/lrm":0.02336448598130841}